Company,Title,Description,Published Date
ADITYA BIRLA CAPITAL LTD.,"Stocks that will see action today: October 28, 2024","Buzzing Stocks Today, Stocks that will see action today: 28 October 2024 -  ITD Cementation, Adani Enterprises, Piramal Pharma, Soha, Axis Bank, Max Financial, Thermax, L&T, KRN Heat Exchanger, Kings Infra, Godrej Properties, Sprayking,  Bharti Airtel, Sun Ph…",2024-10-28
ADITYA BIRLA CAPITAL LTD.,"Q2 results today: Airtel, Sun Pharma among 173 companies to announce earnings on Monday","Today, 173 companies will disclose their Q2 earnings, including Airtel, Sun Pharma, and Adani Power. Bharti Airtel is anticipated to post robust performance with significant net profit growth, while Sun Pharma is expected to see healthy revenue growth driven …",2024-10-28
ADITYA BIRLA CAPITAL LTD.,JSW Energy emerges top bidder for KSK Mahanadi Power,"JSW Energy emerged as the top bidder for KSK Mahanadi Power, offering Rs 15,985 crore and surpassing Adani Power’s Rs 15,885 crore bid. The auction saw six companies participate with JSW Energy securing the deal. The resolution requires further approval from …",2024-10-28
ADITYA BIRLA CAPITAL LTD.,JSW Energy emerges top bidder for KSK Mahanadi Power,"JSW Energy emerged as the top bidder for KSK Mahanadi Power, offering Rs 15,985 crore and surpassing Adani Power’s Rs 15,885 crore bid. The auction saw six companies participate with JSW Energy securing the deal. The resolution requires further approval from …",2024-10-28
ADITYA BIRLA CAPITAL LTD.,"TARC raises Rs 1,000 crore to refinance debt","Real estate developer TARC Ltd raised Rs 1,000 crore from a consortium led by Kotak Mahindra Bank, at 12.75% interest, to refinance existing debt and secure Rs 250 crore additional working capital. Projects TARC Kailasa and TARC Tripundra's cash flows anchor …",2024-10-25
ADITYA BIRLA CAPITAL LTD.,"Share Market Highlights October 25, 2024: Sensex plunges 663 pts, Nifty settles below 24,200; Indusind Bank sinks 19%","Sensex, Nifty updates on October 25, 2024: Declining for the fifth straight session, equity benchmark Sensex on Friday plunged about 660 points to crash below the 80,000 level due to widespread selling pressure tracking massive foreign capital outflows and mu…",2024-10-25
ADITYA BIRLA CAPITAL LTD.,Qatar's Nebras deal with Aditya Birla Group's green arm on hold,The deal to acquire up to 49% for $400 million in Aditya Birla Renewables hits a bump due to valuation mismatch,2024-10-25
ADITYA BIRLA CAPITAL LTD.,Rare Rabbit posts 69% jump in FY24 revenue to Rs 637 crore,"Bengaluru-based Radhamani Textiles, which owns men’s fashion brand Rare Rabbit and women’s brand Rareism, closed FY24 with Rs 637 crore in operating revenue – a year-on-year jump of 69%.",2024-10-24
ADITYA BIRLA CAPITAL LTD.,"Share Market Highlights October 23, 2024: Sensex, Nifty end in red; Bajaj Finance gains nearly 5%","Sensex, Nifty updates on October 23, 2024: Indian equity indices ended lower on Wednesday. The Sensex fell 138.74 points to 80,081.98, while the Nifty dropped 36.60 points to 24,435.50. IT stocks gained over 2 per cent, while capital goods, power, and pharma …",2024-10-23
ADITYA BIRLA CAPITAL LTD.,"Ambuja Cements acquires 46.8% stake in Orient Cement for ₹8,100 cr","Ambuja Cements acquires 46.8% stake in Orient Cement for ₹8,100 crore, aiming to increase market share and capacity.",2024-10-22
ADITYA BIRLA CAPITAL LTD.,"Ambuja Cements acquires 46.8% stake in Orient Cement for ₹8,100 cr","Ambuja Cements acquires 46.8% stake in Orient Cement for ₹8,100 crore, aiming to increase market share and capacity.",2024-10-22
ADITYA BIRLA CAPITAL LTD.,"Hyundai Share Price Highlights October 23, 2024: Hyundai Motor India shares close 4% higher","Hyundai Stocks, Hyundai Share Price, Hyundai Motors India IPO listing 23 Oct 2024: Shares of Hyundai Motor India gained 4% on Wednesday after closing 5% lower on its listing date. The stock was listed at a discount of 1.3% against the issue price of ₹1,960. B…",2024-10-22
ADITYA BIRLA CAPITAL LTD.,"Hyundai Share Price & IPO Listing Highlights October 22, 2024: Hyundai Motor India shares tumble 5% post-listing","Hyundai Stocks, Hyundai Shares, Hyundai Motors India IPO listing 22 Oct 2024: Shares of Hyundai Motor India dipped 5% after listing at a discount of 1.3% against the issue price. The stock closed at ₹1,845 on the NSE, and at ₹1,846.95 on the BSE today. Broker…",2024-10-22
ADITYA BIRLA CAPITAL LTD.,Hyundai Share Price Live: Hyundai Motor India shares rise 1% on day two,"Hyundai Stocks Today, Hyundai Share Price Live, Hyundai Motors India IPO listing Live October 23, 2024: Shares of Hyundai Motor India gained 1% in early trade on Wednesday after closing 5% lower on its listing date. The stock closed at ₹1,845 on the NSE, and …",2024-10-22
ADITYA BIRLA CAPITAL LTD.,"Share market highlights: Sensex, Nifty drops over 1% amid foreign fund exodus; Hyundai shares fall 4.6%","Sensex, Nifty updates on 22 October 2024: Equity benchmark indices Sensex and Nifty fell over 1% on Tuesday due to a widespread sell-off driven by massive foreign fund outflows and sluggish global markets. The BSE Sensex dropped 930.55 points, or 1.15%, to cl…",2024-10-22
ADITYA BIRLA CAPITAL LTD.,"Share Market Highlights October 21, 2024: Sensex closes at 81,151; Nifty falls 73 points amid record FII outflows","Sensex, Nifty updates on October 21, 2024: Equity benchmark indices Sensex and Nifty gave up initial gains and ended lower on Monday tracking a sharp fall in Kotak Mahindra Bank and relentless foreign fund outflows. The 30-share Sensex declined 73.48 points o…",2024-10-21
ADITYA BIRLA CAPITAL LTD.,NBFC co-lending biz under scrutiny; P2P startups eye revamp,Happy Friday! Fintechs with co-lending partnerships may face stress after RBI's action on Navi and DMI Finance. This and more in today’s ETtech Morning Dispatch.,2024-10-18
ADITYA BIRLA CAPITAL LTD.,"Zepto’s additional fundraise; Infosys, Wipro Q2 results",Zepto is in talks with domestic investors for another fundraise which may value the company at $4.6 billion. This and more in today’s ETtech Top 5.,2024-10-17
ADITYA BIRLA CAPITAL LTD.,Aditya Birla Digital Fashion invests Rs 75 crore in Virat Kohli-backed Wrogn,"According to the firm, the investment aims to expand ABDFVL’s portfolio of digital-first brands. “This infusion is in continuation of its earlier investment on certain milestone based valuations,” the firm said in a stock exchange filing. Wrogn saw its revenu…",2024-10-17
ADITYA BIRLA CAPITAL LTD.,Birla Digital Fashion invests Rs 75 cr in Wrogn,"Aditya Birla Digital Fashion Ventures Ltd has invested Rs 75 crore in men's wear brand Wrogn, increasing its stake to 32.84%. This follows a Rs 125 crore investment by TMRW House of Brands. Wrogn, targeting men aged 18-30 with bold, casual clothing, saw a rev…",2024-10-17
ADITYA BIRLA CAPITAL LTD.,"Stock Market Highlights: Sensex, Nifty settle lower on FII selling; Bajaj Auto plummets 13%; Hyundai IPO sails through","Sensex, Nifty, Share Prices LIVE: Indian equity benchmarks witnessed a sharp sell-off on Thursday, with the Sensex plunging nearly 500 points and Nifty falling below the 24,750 mark, primarily dragged down by auto stocks, following Bajaj Auto’s weak festival …",2024-10-17
ADITYA BIRLA CAPITAL LTD.,Volumes jump at Aditya Birla Sun Life AMC Ltd counter,"Aditya Birla Sun Life AMC Ltd witnessed volume of 68.07 lakh shares by 14:14 IST on NSE, a 23.71 times surge over two-week average daily volume of 2.87 lakh shares",2024-10-16
ADITYA BIRLA CAPITAL LTD.,Rallis India Ltd leads gainers in 'A' group,"Aditya Birla Sun Life AMC Ltd, Railtel Corporation of India Ltd, HDFC Asset Management Company Ltd and Sterling & Wilson Renewable Energy Ltd are among the other gainers in the BSE's 'A' group today, 16 October 2024.",2024-10-16
ADITYA BIRLA CAPITAL LTD.,Volumes spurt at Vedant Fashions Ltd counter,"Vedant Fashions Ltd registered volume of 4.72 lakh shares by 10:47 IST on BSE, a 39.26 fold spurt over two-week average daily volume of 12024 shares",2024-10-16
ADITYA BIRLA CAPITAL LTD.,"Stocks that will see action today: October 16, 2024","Buzzing stocks: Bajaj Auto, Tata Power, Lupin, ONGC, Adani Energy Solutions, Power Grid, Central Bank of India, Cochin Shipyard, Kernex Microsystems, KEI Industries, PNC Infratech GR Infraprojects, Capri Global, RailTel, Aditya Birla Money, Crisil, Himadri Sp…",2024-10-16
ADITYA BIRLA CAPITAL LTD.,"Share Market Highlights October 16, 2024: Stock markets close lower for second day amid foreign fund outflows","Sensex, Nifty updates on October 16, 2024: Benchmark Sensex declined by 318 points on Wednesday due to selling in IT and auto shares amid unabated foreign fund outflows and weak trends in global markets.
Falling for the second day, the BSE Sensex declined by …",2024-10-16
ADITYA BIRLA CAPITAL LTD.,Aditya Birla Housing Finance partners BharatPe to revolutionise secured lending,"Aditya Birla Housing Finance (ABHFL), a wholly-owned subsidiary of Aditya Birla Capital Ltd, has entered into a strategic partnership with BharatPe",2024-10-15
ADITYA BIRLA CAPITAL LTD.,Hyundai Motor India IPO Prospects Dim in Gray Market Trading,India’s unregulated gray market is indicating that the excitement around Hyundai Motor India Ltd.’s $3.3 billion initial public offering — poised to be the country’s biggest ever — is cooling.,2024-10-15
ADITYA BIRLA CAPITAL LTD.,"Stock Market Highlights: Sensex, Nifty settle marginally lower; Sensex closes 152 points down at 81,820","Sensex, Nifty, Share Prices: Indian stock markets ended lower on Tuesday, October 15, 2024, as concerns over global economic uncertainty and the ongoing West Asia conflict weighed on investor sentiment. The benchmark Sensex closed at 81,820.12, down 152.93 po…",2024-10-15
ADITYA BIRLA CAPITAL LTD.,"Stock market highlights: Sensex, Nifty rally to close firm; Sensex settles nearly 600 points higher at 81,973","Sensex, Nifty, Share Prices: The Indian stock markets closed higher on Monday, buoyed by strong performances in the IT and banking sectors. The benchmark BSE Sensex surged 591.69 points or 0.73 per cent to close at 81,973.05, while the broader NSE Nifty 50 in…",2024-10-14
ADITYA BIRLA CAPITAL LTD.,"Share Market Highlights: Sensex falls 230 points, Nifty slips amid foreign outflows and geopolitical tensions","Sensex, Nifty updates on 11 October 2024: The Sensex fell 230.05 points, or 0.28%, closing at 81,381.36, while the Nifty 50 ended down 34.20 points, or 0.14%, at 24,964.25. The market was weighed down by foreign outflows, concerns over moderating earnings, ge…",2024-10-11
ADITYA BIRLA CAPITAL LTD.,"Share Market Highlights: Sensex, Nifty edge up on Asian market gains and US rate cut hopes","Sensex, Nifty updates on 10 October 2024: The BSE Sensex index rose by 0.1% to 81,545, and the wider NSE index also increased by 0.1% reaching 25,004. This uptick was influenced by positive movements in Asian stock markets and the anticipation of further inte…",2024-10-10
ADITYA BIRLA CAPITAL LTD.,"Deal-making in India hits new high: M&A and PE lead the way, telecom tops","Mergers and acquisitions (M&A) contributed significantly to the surge, with a 57% increase in volume and 65% in value compared to the previous quarter.",2024-10-08
ADITYA BIRLA CAPITAL LTD.,"Two years since Adani bought Ambuja and ACC, is a merger on cards?",The merger may create a Rs2 trillion cement behemoth and smoothen Adani Group's processes to help it grow faster to compete against Aditya Birla Group's UltraTech Cement Ltd. as the group aspires to achieve the top spot in the cement industry,2024-10-08
ADITYA BIRLA CAPITAL LTD.,"Share Market Highlights: Sensex drops 638 points; Nifty ends below 24,800 as most sectors slide","Sensex, Nifty updates on 07 October 2024: Equity benchmark indices, Sensex and Nifty, extended their losing streak to a sixth consecutive session on Monday, weighed down by heavy selling in bellwether stocks like HDFC Bank and Reliance Industries. This declin…",2024-10-07
ADITYA BIRLA CAPITAL LTD.,IIM Jammu hosts Mumbai Roundtable Conference,"STATE TIMES NEWS MUMBAI: IIM Jammu hosted a landmark Roundtable Conference on Friday at Trident, BKC, Mumbai, bringing together policymakers, academics, and industry leaders.The event focused on strengthening collaboration between academia and industry, addre…",2024-10-05
ADITYA BIRLA CAPITAL LTD.,"Cement Market Global Forecast 2024-2030, Featuring Cemex, Ambuja Cements, Cimpor, CRH, Holcim, Taiheiyo Cement and Tokuyama","Dublin, Oct. 02, 2024 (GLOBE NEWSWIRE) -- The ""Cement Market by Product (Colored Portland Cement, Hydrophobic Cement, Low Heat Portland Cement), Application (Commercial Construction, Industrial Construction, Infrastructure Construction), End User, Distributio…",2024-10-02
ADITYA BIRLA CAPITAL LTD.,"Stock Market Highlights: Sensex, Nifty close flat; Tech Mahindra top gainer on Sensex","Sensex, Nifty, Share Prices: The Indian stock markets closed little changed on Tuesday. Sensex closed at 84,266.29, down by 33.49 points or 0.04 per cent, and Nifty 50 at 25,796.90, slipped by 13.95 points or 0.05 per cent.
Subdued global markets and foreign …",2024-10-01
ACC LIMITED,"Collision Avoidance System Market Forecasts from 2024 to 2029: Consumer Awareness, Updated Safety Agency Ratings, and Continuous R&D Driving Growth","Dublin, Oct. 28, 2024 (GLOBE NEWSWIRE) -- The ""Collision Avoidance System Market - Forecasts from 2024 to 2029"" report has been added to ResearchAndMarkets.com's offering.The collision avoidance system market is expected to grow at a CAGR of 8.42%, reaching a…",2024-10-28
ACC LIMITED,Share Market Highlights 28 October 2024: Stock markets rebound with Sensex gaining 602 pts amid buying surge and eased crude prices,"Sensex, Nifty updates on October 28 2024: Stock markets snapped the five-day losing streak on Monday with the benchmark Sensex rebounding 602 points on buying in ICICI Bank, firm global trends and continuous buying by domestic institutional investors.
 The BS…",2024-10-28
ACC LIMITED,383 Stroker-Powered 1966 Chevrolet Chevy II Nova SS Sport Coupe,"This 1966 Chevrolet Chevy II Nova SS is a yellow-over-black coupe that was acquired by the seller in 2011 and subsequently refurbished. It is powered by a 383ci stroker V8 that was reportedly assembled with a forged crankshaft, pistons, and connecting rods al…",2024-10-26
ACC LIMITED,Evocative New Book Surveys the Color Palettes Used by Renowned Artists,"Evocative New Book Surveys the Color Palettes Used by Renowned Artists
Color palettes have drastically evolved to accommodate new movements and attitudes throughout art history. Whether it be limited as in De Stijl or explosive as in Fauvism, the use of color…",2024-10-26
ACC LIMITED,"Evolution of the use, effectiveness and safety of bismuth-containing quadruple therapy for Helicobacter pylori infection between 2013 and 2021: results from the European registry on H. pylori management (Hp-EuReg)","Background Bismuth quadruple therapies (BQTs) including bismuth, a proton pump inhibitor (PPI) and two antibiotics have been shown to be highly effective for treating Helicobacter pylori infection even in areas of high bacterial antibiotic resistance.

Object…",2024-10-26
ACC LIMITED,Development and validation of a clinical diagnostic model for myocardial ischaemia in borderline coronary lesions based on optical pumped magnetometer magnetocardiography: a prospective observational cohort study,Objectives To develop and validate a clinical diagnostic model based on optical pumped magnetometer magnetocardiography (OPM-MCG) for the detection of myocardial ischaemia in patients with borderline coronary lesions prior to invasive coronary angiography (IC…,2024-10-26
ACC LIMITED,Risk-enhancing factors and social determinants of health in risk assessment for atherosclerotic cardiovascular disease,Background The Pooled Cohort Equations (PCEs) do not accurately estimate atherosclerotic cardiovascular disease (ASCVD) risk in certain populations. The 2018 AHA/ACC cholesterol guideline identified risk-enhancing factors as a supplement to PCEs-based risk as…,2024-10-25
ACC LIMITED,"Duke football vs SMU: Scouting report, prediction for ACC Network game",Duke football plays No. 22 SMU this weekend in Durham. Will the Blue Devils pull of the upset at Wallace Wade Stadium? Here's our prediction.,2024-10-25
ACC LIMITED,"Share Market Highlights October 25, 2024: Sensex plunges 663 pts, Nifty settles below 24,200; Indusind Bank sinks 19%","Sensex, Nifty updates on October 25, 2024: Declining for the fifth straight session, equity benchmark Sensex on Friday plunged about 660 points to crash below the 80,000 level due to widespread selling pressure tracking massive foreign capital outflows and mu…",2024-10-25
ACC LIMITED,Intel Core Ultra 9 285K Review: Arrow Lake is a Mess,"Intel is ready to unveil its latest Core Ultra desktop CPU series. With a tile-based design, Arrow Lake marks a major architectural shift, aiming for improved performance and efficiency.Read Entire Article",2024-10-24
ACC LIMITED,Dual-hesitant fermatean fuzzy Hamacher aggregation operators and TOPSIS with their application to multi-criteria decision-making,"The concept of the Dual-hesitant fermatean fuzzy set (DHFFS) represents a significant advancement in practical implementation, combining Fermatean fuzzy sets and Dual-hesitant sets. This new structure uses membership and non-membership hesitancy and is more a…",2024-10-24
ACC LIMITED,Why I'm Leaving OpenAI and What I'm Doing Next,I’ve been excited about OpenAI as an organization since it was first announced in December 2015.,2024-10-24
ACC LIMITED,ACC shares in focus ahead of Q2FY25 earnings. Here’s what to expect from this Adani Group company,ACC share Price: Shares of Adani Group's ACC Limited are anticipated to gain attention on Thursday ahead of its Q2FY25 earnings announcement. Brokerages predict year-on-year and sequential losses in revenue and net profit due to lower realizations and negativ…,2024-10-24
ACC LIMITED,"Share Market Highlights October 24, 2024: Sensex, Nifty end flat with negative bias; Nifty FMCG dips nearly 3%","Sensex, Nifty updates on October 24, 2024: Stock markets closed marginally lower on Thursday, taking their downtrend to the fourth day running as unabated foreign fund outflows and disappointing earnings from Hindustan Unilever dented investor sentiment. In a…",2024-10-24
ACC LIMITED,The Plastics Industry’s Wish List for a Second Trump Administration,"by Lisa Song 
 

 
 
 ProPublica is a nonprofit newsroom that investigates abuses of power. Sign up to receive our biggest stories as soon as they’re published.

 

 

 
 



 
Tucked into a green-sounding federal recycling bill filed last month is a wish lis…",2024-10-23
ACC LIMITED,"ACE 2024: Toyota Corolla Cross Hybrid with promo worth up to RM8,000, monthly as low as RM1,058","Rev up your engines and spin up your electric motors, because the paultan.org Auto Car Expo (ACE) 2024 – co-sponsored by Carro and Time Energy’s Emit Solar – will be unleashing lots of deals from […]
The post ACE 2024: Toyota Corolla Cross Hybrid with promo w…",2024-10-23
ACC LIMITED,"Share Market Highlights October 23, 2024: Sensex, Nifty end in red; Bajaj Finance gains nearly 5%","Sensex, Nifty updates on October 23, 2024: Indian equity indices ended lower on Wednesday. The Sensex fell 138.74 points to 80,081.98, while the Nifty dropped 36.60 points to 24,435.50. IT stocks gained over 2 per cent, while capital goods, power, and pharma …",2024-10-23
ACC LIMITED,FSU football's offense needs a change at Miami. Here's what Mike Norvell must do,"Florida State football's offense ranks as one of the worst in the country, can these changes provide a spark vs. undefeated Miami",2024-10-22
ACC LIMITED,"College football's 10 most disappointing teams, from Auburn to USC and several places in between",Eight teams who were ranked in the preseason are staring down a nightmarish fall.,2024-10-22
ACC LIMITED,"Share market highlights: Sensex, Nifty drops over 1% amid foreign fund exodus; Hyundai shares fall 4.6%","Sensex, Nifty updates on 22 October 2024: Equity benchmark indices Sensex and Nifty fell over 1% on Tuesday due to a widespread sell-off driven by massive foreign fund outflows and sluggish global markets. The BSE Sensex dropped 930.55 points, or 1.15%, to cl…",2024-10-22
ACC LIMITED,"NLC, JSW, JSPL among bidder for commercial coal mines in 10th round","ACC Limited, Adas Mining and Infra Private Limited, Ind Synergy Ltd, Lloyds Metals and Energy Limited, and SM Steels and Power Limited also participated in bids. State government-owned UP Rajya Vidyut Utpadan Nigam Limited submitted bids for two mines.",2024-10-21
ACC LIMITED,Isoginkgetin and Madrasin are poor splicing inhibitors,"The production of eukaryotic mRNAs requires transcription by RNA polymerase (pol) II and co-transcriptional processing, including capping, splicing, and cleavage and polyadenylation. Pol II can positively affect co-transcriptional processing through interacti…",2024-10-21
ACC LIMITED,LSU women's basketball 2024-25 season preview: Aneesah Morrow ready to step into Angel Reese's spotlight,Morrow and Flau'Jae Johnson are aiming to get the Tigers back to the national championship,2024-10-21
ACC LIMITED,"FSU football's defense played its best game at Duke, but still missing one element: Takeaways",FSU football's defense struggles to create takeaways. What has been an issue all year? Here's why.,2024-10-21
ACC LIMITED,Dalmia Bharat stock downgraded by JPMorgan over margin risks,Dalmia Bharat stock downgraded by JPMorgan over margin risks,2024-10-21
ACC LIMITED,"Share Market Highlights October 21, 2024: Sensex closes at 81,151; Nifty falls 73 points amid record FII outflows","Sensex, Nifty updates on October 21, 2024: Equity benchmark indices Sensex and Nifty gave up initial gains and ended lower on Monday tracking a sharp fall in Kotak Mahindra Bank and relentless foreign fund outflows. The 30-share Sensex declined 73.48 points o…",2024-10-21
ACC LIMITED,Four Downs: The fall of Alabama didn't start with Kalen DeBoer. It began last season,"Tennessee exposes more problems at Alabama, Miami's easy road to the CFP, and elite football at Indiana lead this week's Four Downs.",2024-10-20
ACC LIMITED,"Rape survivor’s legal win opens door to about 100,000 victims able to claim billions from ACC","ACC puts $3.6 billion aside, as it prepares to significantly expand its cover.",2024-10-18
ACC LIMITED,Ranking the top 100 players at midway point of 2024 college football season,"Travis Hunter keeps his top spot, no surprise, but the 99 other spots are up for debate.",2024-10-18
ACC LIMITED,"Notre Dame football vs. Georgia Tech: 3 keys, predictions as Irish face road test",Saturday's contest against Georgia Tech will mark the first time Notre Dame football has left the state of Indiana for a game since Aug. 31.,2024-10-18
ACC LIMITED,"Our Top 100 Channel Comparison for Hulu with Live TV, YouTube TV, Sling and More",Who carries the most popular channels for cable-free streaming? We analyze the lineups.,2024-10-17
ACC LIMITED,DeepPL: A deep-learning-based tool for the prediction of bacteriophage lifecycle,Author summary Bacteriophages are viruses that infect bacteria and play a critical role in the microbial community within different environments via phage-bacterial evolutionary interactions. The classification of phage lifecycles is of great importance in de…,2024-10-17
ACC LIMITED,"Stock Market Highlights: Sensex, Nifty settle lower on FII selling; Bajaj Auto plummets 13%; Hyundai IPO sails through","Sensex, Nifty, Share Prices LIVE: Indian equity benchmarks witnessed a sharp sell-off on Thursday, with the Sensex plunging nearly 500 points and Nifty falling below the 24,750 mark, primarily dragged down by auto stocks, following Bajaj Auto’s weak festival …",2024-10-17
ACC LIMITED,Where does Louisville football coach Jeff Brohm's salary rank nationally? Among ACC?,USA TODAY Sports released its annual football coaching salary database Wednesday. Where does Louisville's Jeff Brohm rank nationally and in the ACC?,2024-10-16
ACC LIMITED,Best Interest Rates on Cash Roundup – October 2024,"Here’s my monthly roundup of the best interest rates on cash as of October 2024, roughly sorted from shortest to longest maturities. There are lesser-known opportunities available to individual investors, often earning more money while keeping the same level …",2024-10-16
ACC LIMITED,What a surprise: Israel finds huge Hezbollah weapons cache mere meters from a U.N. observation tower,"JERUSALEM – The Israel Defense Forces, or IDF, released footage Sunday of a significant captured Hezbollah weapons cache. The other – perhaps more consequential factor – was not so much what was found, but rather where the Israeli soldiers found it, namely a …",2024-10-14
ACC LIMITED,Yahoo Sports 2024 midseason college football awards,Our midseason Heisman winner is an easy choice.,2024-10-14
ACC LIMITED,Booms and Busts: Fantasy football's biggest surprise in Week 6 could end up being a one-hit wonder,"Scott Pianowski takes a closer look at  Sean Tucker's shocking game, which nearly no fantasy managers benefited from, and more from Week 6.",2024-10-13
ACC LIMITED,Show HN: Smell – A framework for aligning LLM evaluators to human feedback,"We've built SMELL (Subject-Matter Expert Language Liaison), a new framework that combines human expertise with LLMs to create feedback-informed, domain-specific LLM evaluators. One of the biggest issues with current evaluation methods (heuristics, assertions,…",2024-10-13
ACC LIMITED,Four Downs: Oregon defeats Ohio State as Dan Lanning finally gets his big-game win,"Oregon's late game heroics bail out Dan Lanning -- again. The wild, wild SEC, Penn State's statement and more.",2024-10-13
ACC LIMITED,"Penn State comeback, Texas rout headline college football Week 7 winners and losers",There were highs and lows in Week 7 of the college football season. A look at the winners and losers from Saturday led by Penn State and Texas.,2024-10-12
ACC LIMITED,"What channel is Notre Dame vs Stanford on today? Time, TV schedule to watch Week 7 game","What channel is the Notre Dame vs Stanford game on today? How to watch the matchup, including time, TV schedule, live streaming info and game odds.",2024-10-12
ACC LIMITED,"Army Chief Launches ""Agniastra"" Multi-Target Detonation Device In Gangtok","The Army Chief, General Upendra Dwivedi on Friday, officially launched ""Agniastra,"" a portable multi-target detonation device, during the Army Commanders Conference in Gangtok.",2024-10-11
ACC LIMITED,Army Chief launches 'Agniastra' multi-target detonation device during Gangtok conference,"Army Chief General Upendra Dwivedi unveiled 'Agniastra,' a multi-target detonation device, at the Army Commanders Conference in Gangtok. Developed by Major Rajprasad RS, the device has a range of 2.5 kilometers and can detonate multiple targets simultaneously…",2024-10-11
ACC LIMITED,Colonoscopy polyp classification via enhanced scattering wavelet Convolutional Neural Network,"Among the most common cancers, colorectal cancer (CRC) has a high death rate. The best way to screen for colorectal cancer (CRC) is with a colonoscopy, which has been shown to lower the risk of the disease. As a result, Computer-aided polyp classification tec…",2024-10-11
ACC LIMITED,Comparative study of machine learning approaches integrated with genetic algorithm for IVF success prediction,"Introduction IVF is a widely-used assisted reproductive technology with a consistent success rate of around 30%, and improving this rate is crucial due to emotional, financial, and health-related implications for infertile couples. This study aimed to develop…",2024-10-11
ACC LIMITED,Transcriptome profiling of two rice varieties reveals their molecular responses under high night-time temperature,"High night-time temperatures (HNT) pose a threat to the sustainability of crop production, including rice. HNT can affect crop productivity and quality by influencing plant physiology, morphology, and phenology. The ethylene perception inhibitor, 1-methylcycl…",2024-10-10
ACC LIMITED,"2024 Groundbreaking Report on the Disruptive Technologies Transforming the Construction Industry: Patent Indicators, Key Enterprise and Startup/University Innovators, Leaderboards, and Market Buzz","Dublin, Oct. 10, 2024 (GLOBE NEWSWIRE) -- The ""Tech Frontiers: The Construction Edition"" report has been added to ResearchAndMarkets.com's offering.As the construction sector adapts to increasing demands for sustainability and efficiency, innovative technolog…",2024-10-10
ACC LIMITED,ACC lays out new priorities,"As Air Combat Command adapts to meet the challenges of Great Power Competition, Gen. Ken Wilsbach, commander of ACC, has outlined a vision for the future by emphasizing four key focus areas for the command: Readiness, Modernization, Agile Combat Employment an…",2024-10-10
ACC LIMITED,Qatar Airways Americas promotion: Get up to 15% off select Business Class fares,"Qatar Airways has launched a new promotion for North America in which its offering flyers up to 15% off Business Class flight bookings for travel to select destinations between now and the end of April 2025.
The post Qatar Airways Americas promotion: Get up t…",2024-10-10
ACC LIMITED,College football redshirt tracker: Top players entering the portal,"A look at players who, after playing no more than four games, opted out to preserve eligibility for their next school.",2024-10-09
ACC LIMITED,On media: Analyzing the TV ratings for Pac-12 broadcasts on The CW (and what they could mean for the long haul),"The numbers look good, with games involving Washington State and Oregon State outdrawing ACC broadcasts thus far.",2024-10-09
ACC LIMITED,2025 NFL Draft: Updated Scouting Notes and Pro Player Comparisons After CFB Week 6,2025 NFL Draft: Updated Scouting Notes and Pro Player Comparisons After CFB Week 6,2024-10-09
ACC LIMITED,NFL Rumors: Drake Maye Named Patriots' QB1 over Jacoby Brissett for Week 6 vs. Texans,Let the Drake Maye era begin. The New England Patriots will promote the rookie quarterback to the starting post over Jacoby Brissett for Sunday's game against…,2024-10-08
ACC LIMITED,"Financial resources, access to care, and quality of care mediate racial disparities in statin usage for secondary prevention",Background There are disparities in statin therapy for the secondary prevention of atherosclerotic cardiovascular disease (ASCVD). The role of structural racism in this disparity has not been examined.   Methods This is a cross-sectional study of participants…,2024-10-08
ACC LIMITED,Development of sustainable alkali activated composite incorporated with sugarcane bagasse ash and polyvinyl alcohol fibers,"The infrastructure boom has driven up cement demand to 30 billion tons annually. To address this and promote sustainable construction, researchers are developing solutions for carbon-neutral building practices, aiming to transform industrial waste into an eco…",2024-10-08
ACC LIMITED,"Longitudinal single-subject neuroimaging study reveals effects of daily environmental, physiological, and lifestyle factors on functional brain connectivity","Functional brain activity is often measured during a single scanning session which neglects behavioral, physiological and lifestyle effects on brain activity. This study presents functional neuroimaging data from 30 neuroimaging session across 15 weeks from o…",2024-10-08
ACC LIMITED,The expectations humans have of a pleasurable sensation asymmetrically shape neuronal responses and subjective experiences to hot sauce,"Can positive and negative expectations of a sensory experience cause neuronal and perception differences? This study shows that sensory experiences and neuronal responses are shaped by whether a person likes spicy foods, suggesting that perception could be ph…",2024-10-08
ACC LIMITED,Chain hybrid feature selection algorithm based on improved Grey Wolf Optimization algorithm,"Hybrid feature selection algorithm is a strategy that combines different feature selection methods aiming to overcome the limitations of a single feature selection method and improve the effectiveness and performance of feature selection. In this paper, we pr…",2024-10-08
ACC LIMITED,"While SEC and Big Ten leaders mull major changes, a new Super League concept could radically alter college sports","As SEC and Big Ten leaders prepare to meet this week in Nashville for a historic summit of the industry’s two powers, there is an unreported undercurrent driving the discussion: Project Rudy.",2024-10-08
ACC LIMITED,Major cement firms compete to acquire HeidelbergCement India's stake,"The German building materials company Heidelberg Materials AG holds a 69.39 per cent stake in its Indian subsidiary, which, at current market rates, is valued at approximately Rs 3,437 crore",2024-10-08
ACC LIMITED,"Tide's Oatis to redshirt, transfer over playing time","Alabama junior defensive tackle Jehiem Oatis will redshirt this season and enter the NCAA transfer portal, he told ESPN.",2024-10-07
ACC LIMITED,"College Football Power Rankings: Arkansas, Vanderbilt arrive after shaking up landscape with upset wins",The Razorbacks and Commodores were key parts of a wild Week 6 that caused a shakeup in the rankings,2024-10-07
ACC LIMITED,"ACC power rankings: Miami clings to top spot, Florida State bottoms out after Week 6","Here's a look at where the ACC's 17 programs stand after Week 6 of the college football season, with FSU falling and Miami staying at No. 1:",2024-10-07
ACC LIMITED,"Atrial Fibrillation Market to Worth Over US$ 7,433.4 Million By 2032 | Cryotherapy Takes the Center Stage in Market With More than 53.7% Market Share Says Astute Analytica","The atrial fibrillation market is rapidly expanding due to rising prevalence, aging populations, and technological innovations in diagnosis and treatment. Despite advancements, challenges remain in accessibility and cost, but ongoing investments promise impro…",2024-10-07
ACC LIMITED,"Jalen Milroe lost Heisman, ACC favors Miami lead college football Week 6 overreactions",Week 6 brought some surprising results. And it is easy to overreact. That's why we're here to make sense of things and identify the five biggest ones.,2024-10-07
ACC LIMITED,Alternatives to cosine similarity,"Article URL: https://tomhazledine.com/cosine-similarity-alternatives/
Comments URL: https://news.ycombinator.com/item?id=41764373
Points: 5
# Comments: 0",2024-10-07
ACC LIMITED,What’s Next For No. 1 Texas And Eight Other Unbeaten Power Four Teams,Another team is guaranteed being knocked from the ranks of the unbeaten in Week 7 when Ohio State and Oregon meet in Eugene.,2024-10-07
ACC LIMITED,[Removed],[Removed],2024-10-06
ACC LIMITED,"AP Top 25: Texas back at No. 1, Texas A&M returns after huge Week 6","It was a week of upheaval in the AP college football poll, with Texas returning to No. 1 following Vanderbilt's upset of Alabama.",2024-10-06
ACC LIMITED,"Poll shuffle: Horns, Bucks, Ducks at top; Tide to 7",Idle Texas received 52 out of 61 first-place votes to become the first team in two years to bounce in and out of the top spot in a span of three polls in the AP Top 25.,2024-10-06
ACC LIMITED,Clemson's win at FSU propels Dabo past Bowden,Dabo Swinney passed Bobby Bowden for the most ACC wins by a coach after his team beat the Seminoles on the field named after the legendary FSU coach.,2024-10-06
ACC LIMITED,"Florida State vs. Clemson live stream, where to watch, TV channel, prediction, pick, spread, game odds",No. 15 Clemson will travel to Tallahassee to face Florida State on Saturday,2024-10-05
ACC LIMITED,"Florida State vs. Clemson prediction, pick, spread, game odds, where to watch, TV channel, live stream",No. 15 Clemson will travel to Tallahassee to face Florida State on Saturday,2024-10-05
ACC LIMITED,"Florida State vs. Clemson prediction, spread, football game odds, where to watch, TV channel, live stream",No. 15 Clemson will travel to Tallahassee to face Florida State on Saturday,2024-10-05
ACC LIMITED,10 biggest surprises through the first month of the college football season,"Florida State's fall from grace has been shocking, but is it the biggest surprise so far in college football? Joel Klatt shares his biggest surprises of the 2024 season.",2024-10-04
ACC LIMITED,"Clemson vs. Florida State prediction, spread, football game odds, where to watch, TV channel, live stream",No. 15 Clemson will travel to Tallahassee to face Florida State on Saturday,2024-10-03
ACC LIMITED,Thursday afternoon Cardinal news and notes,The Kuppers didn’t bring back the win from South Bend but they made their presence known.,2024-10-03
ACC LIMITED,Double task switching: An investigation into the effects of similarity and task-rule congruency on cognitive flexibility,Similarity between tasks is an understudied factor in research on cognitive flexibility. This behavioural experiment had 31 participants perform a task switch paradigm in which participants were required to switch between 4 tasks of varying similarity. The ex…,2024-10-03
ACC LIMITED,"'I know the student body is excited': Previewing Miami-Cal, a ranked SEC matchup and more ahead of Week 6",Our college football experts give insight on key players and matchups to know of ahead of Week 6.,2024-10-03
ACC LIMITED,"Stock market highlights: Sensex, Nifty tank 2% as geopolitical tensions hit markets","Sensex, Nifty, Share Prices : The Indian stock markets witnessed a sharp decline on Thursday, October 3, 2024, as global uncertainties and heightened volatility led to a significant sell-off. The BSE Sensex plummeted 1,769.19 points or 2.10 per cent to close …",2024-10-03
ACC LIMITED,Segmentation study of nanoparticle topological structures based on synthetic data,"Nanoparticles exhibit broad applications in materials mechanics, medicine, energy and other fields. The ordered arrangement of nanoparticles is very important to fully understand their properties and functionalities. However, in materials science, the acquisi…",2024-10-02
ACC LIMITED,Voyageur Mineral Explorers Corp. Options Mink Narrows Project,"TORONTO, Oct. 02, 2024 (GLOBE NEWSWIRE) — Voyageur Mineral Explorers Corp. (“Voyageur” or the “Company”) (CSE: VOY) is pleased to announce that on October 1, 2024 (the “Effective Date”) it entered into an option agreement (the “Option”) with Althea Copper Cor…",2024-10-02
ACC LIMITED,Voyageur Mineral Explorers Corp. Options Mink Narrows Project,Voyageur Mineral Explorers Corp. entered into an option agreement.......,2024-10-02
ACC LIMITED,Breast tumor segmentation using neural cellular automata and shape guided segmentation in mammography images,"Purpose Using computer-aided design (CAD) systems, this research endeavors to enhance breast cancer segmentation by addressing data insufficiency and data complexity during model training. As perceived by computer vision models, the inherent symmetry and comp…",2024-10-01
ACC LIMITED,"College Football Power Rankings: Clemson, Missouri join top 10 amid shakeup after wild Week 5 slate",Notable losses across the board caused some shuffling in this week's Power Rankings,2024-09-30
ACC LIMITED,Single-cell transcriptomes and chromatin accessibility of endothelial cells unravel transcription factors associated with dysregulated angiogenesis in systemic sclerosis,"Objectives Vasculopathy emerges early in systemic sclerosis (SSc) and links to endothelial cell (EC) injury and angiogenesis. Understanding EC transcriptomes and epigenomes is crucial for unravelling the mechanisms involved.

Methods Transcriptomes and chroma…",2024-09-30
ACC LIMITED,CD8+ tissue-resident memory T cells are expanded in primary Sjögrens disease and can be therapeutically targeted by CD103 blockade,Objective Tissue-resident memory cells (Trm) are a subset of T cells residing persistently and long-term within specific tissues that contribute to persistent inflammation and tissue damage. We characterised the phenotype and function of Trm and the role of C…,2024-09-30
ACC LIMITED,Converting Old Running Total Code to Window Functions,"This article looks at the old style of calculating a running total and how to convert that to code that uses a window function.
The post Converting Old Running Total Code to Window Functions appeared first on SQLServerCentral.",2024-09-30
ACC LIMITED,"College football grades: Penn State earns 'A-', Georgia gets a 'C' on Week 5 report card",A look at how the national championship contenders fared in Week 5,2024-09-29
ADANI ENTERPRISES LIMITED,"Sensex surges past 80,000 mark after five-day decline","BSE Sensex rebounds above 80,000 on strong bank earnings, easing oil prices, and positive investor sentiment.",2024-10-28
ADANI ENTERPRISES LIMITED,"Stocks that will see action today: October 28, 2024","Buzzing Stocks Today, Stocks that will see action today: 28 October 2024 -  ITD Cementation, Adani Enterprises, Piramal Pharma, Soha, Axis Bank, Max Financial, Thermax, L&T, KRN Heat Exchanger, Kings Infra, Godrej Properties, Sprayking,  Bharti Airtel, Sun Ph…",2024-10-28
ADANI ENTERPRISES LIMITED,Share Market Highlights 28 October 2024: Stock markets rebound with Sensex gaining 602 pts amid buying surge and eased crude prices,"Sensex, Nifty updates on October 28 2024: Stock markets snapped the five-day losing streak on Monday with the benchmark Sensex rebounding 602 points on buying in ICICI Bank, firm global trends and continuous buying by domestic institutional investors.
 The BS…",2024-10-28
ADANI ENTERPRISES LIMITED,Adani Airport Holdings announces incorporation of Celeritas International FZCO in UAE,"Adani Airport Holdings holds a 74% stake in Celeritas, and no related party transactions are involved in this acquisition.",2024-10-26
ADANI ENTERPRISES LIMITED,"Share Market Highlights October 25, 2024: Sensex plunges 663 pts, Nifty settles below 24,200; Indusind Bank sinks 19%","Sensex, Nifty updates on October 25, 2024: Declining for the fifth straight session, equity benchmark Sensex on Friday plunged about 660 points to crash below the 80,000 level due to widespread selling pressure tracking massive foreign capital outflows and mu…",2024-10-25
ADANI ENTERPRISES LIMITED,"Share Market Highlights October 24, 2024: Sensex, Nifty end flat with negative bias; Nifty FMCG dips nearly 3%","Sensex, Nifty updates on October 24, 2024: Stock markets closed marginally lower on Thursday, taking their downtrend to the fourth day running as unabated foreign fund outflows and disappointing earnings from Hindustan Unilever dented investor sentiment. In a…",2024-10-24
ADANI ENTERPRISES LIMITED,"Adani and BHP in talks to ink copper sourcing deal worth ₹30,000 crore per annum","Kutch Copper is negotiating with BHP to acquire up to 1.6 mtpa of copper concentrate, valued at around ₹30,000 crore annually. The venture aims to support Kutch Copper's greenfield refinery project at Mundra, making it the world's largest single-location cust…",2024-10-23
ADANI ENTERPRISES LIMITED,"Share Market Highlights October 23, 2024: Sensex, Nifty end in red; Bajaj Finance gains nearly 5%","Sensex, Nifty updates on October 23, 2024: Indian equity indices ended lower on Wednesday. The Sensex fell 138.74 points to 80,081.98, while the Nifty dropped 36.60 points to 24,435.50. IT stocks gained over 2 per cent, while capital goods, power, and pharma …",2024-10-23
ADANI ENTERPRISES LIMITED,How Corporate Vehicles Conceal Crime and Chicanery,Financial vehicles designed to conceal wealth and questionable activity fuel corruption and crime while allowing perps evade accountability,2024-10-22
ADANI ENTERPRISES LIMITED,"Stocks that will see action today: October 22, 2024","Buzzing stocks: Stocks to watch out for today: Tata Steel, Varanium Cloud, Sanofi, Ola Electric, Eicher Motors, Epigral, Lemon Tree, Sona BLW, Sterling & Wilson, RVNL, Bajaj Finance, Zomato, Adani Green Energy, Adani Energy Solutions, Paytm",2024-10-22
ADANI ENTERPRISES LIMITED,"Share market highlights: Sensex, Nifty drops over 1% amid foreign fund exodus; Hyundai shares fall 4.6%","Sensex, Nifty updates on 22 October 2024: Equity benchmark indices Sensex and Nifty fell over 1% on Tuesday due to a widespread sell-off driven by massive foreign fund outflows and sluggish global markets. The BSE Sensex dropped 930.55 points, or 1.15%, to cl…",2024-10-22
ADANI ENTERPRISES LIMITED,"Share Market Highlights October 21, 2024: Sensex closes at 81,151; Nifty falls 73 points amid record FII outflows","Sensex, Nifty updates on October 21, 2024: Equity benchmark indices Sensex and Nifty gave up initial gains and ended lower on Monday tracking a sharp fall in Kotak Mahindra Bank and relentless foreign fund outflows. The 30-share Sensex declined 73.48 points o…",2024-10-21
ADANI ENTERPRISES LIMITED,The Corporate Vehicles Changing International Commerce,"On September 17, 2024, thousands of pagers belonging to Hezbollah members simultaneously exploded across Lebanon, killing dozens and wounding thousands, including civilians. The pagers were licensed by Taiwanese company Gold Apollo from the manufacturer BAC C…",2024-10-18
ADANI ENTERPRISES LIMITED,"Stocks that will see action today: October 18, 2024","Buzzing Stocks Today, Stocks that will see action today: 18 October 2024 - Zomato, DCW, Prestige Estates. Adani Enterprises, Allied Blenders, GE T&D, Nitro, LIC, Reliance, Jio Financial, Tata Consumer. L&T Finance, Zee Entertainment, Aether Industries, ICICI …",2024-10-18
ADANI ENTERPRISES LIMITED,"Stock market highlights: Sensex, Nifty close firmer, lifted by banking, metal stocks","Sensex, Nifty, Share Prices: The Indian benchmark indices ended higher on Friday, breaking a three-day losing streak, as strong buying in banking and financial stocks offset losses in the IT sector. The BSE Sensex closed 218.14 points or 0.27 per cent higher …",2024-10-18
ADANI ENTERPRISES LIMITED,Adani Enterprises Raises $500 Million Primary Equity To Further Its Growth Plans,"Adani Enterprises Limited (AEL) on Thursday said it has completed the qualified institutional placement (QIP) of equity shares of face value of Rs 1 each of AEL (""Equity Shares"") aggregating to approximately Rs 4,200 crores ($ 500 million).",2024-10-17
ADANI ENTERPRISES LIMITED,"Stock Market Highlights: Sensex, Nifty settle lower on FII selling; Bajaj Auto plummets 13%; Hyundai IPO sails through","Sensex, Nifty, Share Prices LIVE: Indian equity benchmarks witnessed a sharp sell-off on Thursday, with the Sensex plunging nearly 500 points and Nifty falling below the 24,750 mark, primarily dragged down by auto stocks, following Bajaj Auto’s weak festival …",2024-10-17
ADANI ENTERPRISES LIMITED,Adani Green Energy to launch deferred $1.2 billion bond offering post US elections,"Bloomberg said that Adani Green had reached the final price guidance and had set the yield at 7%, which was not to the liking of some of the investors, who wanted a higher yield",2024-10-16
ADANI ENTERPRISES LIMITED,"Share Market Highlights October 16, 2024: Stock markets close lower for second day amid foreign fund outflows","Sensex, Nifty updates on October 16, 2024: Benchmark Sensex declined by 318 points on Wednesday due to selling in IT and auto shares amid unabated foreign fund outflows and weak trends in global markets.
Falling for the second day, the BSE Sensex declined by …",2024-10-16
ADANI ENTERPRISES LIMITED,[Removed],[Removed],2024-10-15
ADANI ENTERPRISES LIMITED,"Q2 Results Today: D B Corp, HDFC AMC, PVR Inox, Bank of Maharashtra among 26 companies to post earnings on October 15","Q2 Results Today: A wide range of companies from various industries are slated to release their Q2 FY2025 financial results today, October 15. These include HDFC Life Insurance, PVR Inox, and KEI Industries.",2024-10-15
ADANI ENTERPRISES LIMITED,"Stock Market Highlights: Sensex, Nifty settle marginally lower; Sensex closes 152 points down at 81,820","Sensex, Nifty, Share Prices: Indian stock markets ended lower on Tuesday, October 15, 2024, as concerns over global economic uncertainty and the ongoing West Asia conflict weighed on investor sentiment. The benchmark Sensex closed at 81,820.12, down 152.93 po…",2024-10-15
ADANI ENTERPRISES LIMITED,"Stock market highlights: Sensex, Nifty rally to close firm; Sensex settles nearly 600 points higher at 81,973","Sensex, Nifty, Share Prices: The Indian stock markets closed higher on Monday, buoyed by strong performances in the IT and banking sectors. The benchmark BSE Sensex surged 591.69 points or 0.73 per cent to close at 81,973.05, while the broader NSE Nifty 50 in…",2024-10-14
ADANI ENTERPRISES LIMITED,"Share Market Highlights: Sensex falls 230 points, Nifty slips amid foreign outflows and geopolitical tensions","Sensex, Nifty updates on 11 October 2024: The Sensex fell 230.05 points, or 0.28%, closing at 81,381.36, while the Nifty 50 ended down 34.20 points, or 0.14%, at 24,964.25. The market was weighed down by foreign outflows, concerns over moderating earnings, ge…",2024-10-11
ADANI ENTERPRISES LIMITED,Gautam Adani Emerges As Biggest Dollar Gainer In Forbes Rich List 2024,The collective wealth of Indias 100 richest tycoons surpassed the trillion dollar milestone for the first time as more than 80 per cent of the countrys richest tycoons are now wealthier than they were a year ago,2024-10-10
ADANI ENTERPRISES LIMITED,"Stock to watch: Adani Enterprises shares in focus after company approves Rs 4,200 cr share sale to investors via QIP","Adani Enterprises has approved a Rs 4,200 crore share sale to large investors through a QIP issue, setting a floor price of Rs 3,117.4750 per share. The issue, managed by SBI Capital Markets Limited, Jefferies India Private Limited, and ICICI Securities Limit…",2024-10-10
ADANI ENTERPRISES LIMITED,"Share Market Highlights: Sensex, Nifty edge up on Asian market gains and US rate cut hopes","Sensex, Nifty updates on 10 October 2024: The BSE Sensex index rose by 0.1% to 81,545, and the wider NSE index also increased by 0.1% reaching 25,004. This uptick was influenced by positive movements in Asian stock markets and the anticipation of further inte…",2024-10-10
ADANI ENTERPRISES LIMITED,"Adani Enterprises announces QIP at Rs 3,111 per share floor price","Adani Enterprises QIP announcement: The company added that it may, at its discretion, offer a discount of not more than 5 per cent on the floor price",2024-10-09
ADANI ENTERPRISES LIMITED,Adani Airport Holdings Limited and Thales Forge Strategic Partnership to Improve Airport Operations and Passenger Experience in India,"This strategic collaboration includes a fully integrated airport solution provided by Thales based on three pillars: smart airport security, biometric passenger journey, and operations efficiency; addressing all the airports operated by Adani Airport Holdings…",2024-10-09
ADANI ENTERPRISES LIMITED,"Share Market Highlights: Markets bounce back: Sensex closes at 81,634, Nifty crosses 25,000","Sensex, Nifty updates on 08 October 2024:: Equity benchmark indices Sensex and Nifty rebounded on Tuesday after a six-day losing streak, driven by gains in heavyweights like HDFC Bank, Reliance Industries, and Mahindra & Mahindra. The BSE Sensex surged 584.81…",2024-10-08
ADANI ENTERPRISES LIMITED,"Share Market Highlights: Sensex drops 638 points; Nifty ends below 24,800 as most sectors slide","Sensex, Nifty updates on 07 October 2024: Equity benchmark indices, Sensex and Nifty, extended their losing streak to a sixth consecutive session on Monday, weighed down by heavy selling in bellwether stocks like HDFC Bank and Reliance Industries. This declin…",2024-10-07
ADANI ENTERPRISES LIMITED,Rajiv Jain is unimpressed by China stock mania sweeping globe,he manager of the top-performing $23 billion GQG Partners Emerging Markets Equity Fund has kept his holdings in Chinese stocks at about 12% of the fund — roughly half of the weighting of its benchmark,2024-10-04
ADANI ENTERPRISES LIMITED,"Stocks To Watch: HDFC Bank, Muthoot Finance, Ola Electric, Adani Green, LIC","Stock Market Today: Morgan Stanley and Citigroup have acquired 43.75 lakh shares of HDFC Bank for over Rs 755 crore at an average price of Rs 1,726.20 each.",2024-10-04
ADANI ENTERPRISES LIMITED,Adani Enterprises shares in spotlight after group merges step-down subsidiaries with ANIL,"Adani Enterprises' shares are under spotlight after the group's flagship firm announced the merger of Adani Infrastructure Private Limited and Mundra Solar Technology Limited into Adani New Industries, set to bolster its focus on low-carbon projects such as g…",2024-10-03
ADANI ENTERPRISES LIMITED,"Stocks that will see action today: October 3, 2024","Stocks in focus: Buzzing stocks: Hindustan Zinc, Dr Reddy’s Lab, Zydus Life, RPower, Suzlon, Adani Enterprises, Jubilant Ingrevia, SpiceJet, Rathi Steel, Mankind Pharma, Shree Cement, JSW Cement, ITC, Aurobindo Pharma, Ashoka Buildcon",2024-10-03
ADANI ENTERPRISES LIMITED,Sensex Today | Stock Market LIVE Updates: GIFT Nifty falls 300 pts; Asian shares trade higher,"Sensex Today | Stock Market LIVE Updates | Overall we expect the market to consolidate with stock-specific action as we enter into the result season and companies will announce pre-quarterly updates. In the near term, investors will take cues from US Job Jolt…",2024-10-03
ADANI ENTERPRISES LIMITED,"Stock market highlights: Sensex, Nifty tank 2% as geopolitical tensions hit markets","Sensex, Nifty, Share Prices : The Indian stock markets witnessed a sharp decline on Thursday, October 3, 2024, as global uncertainties and heightened volatility led to a significant sell-off. The BSE Sensex plummeted 1,769.19 points or 2.10 per cent to close …",2024-10-03
ADANI ENTERPRISES LIMITED,Adani Group merges two energy infrastructure subsidiaries with ANIL,"Adani group has merged two step-down subsidiaries with green hydrogen and wind turbine manufacturing firm Adani New Industries Ltd, according to a stock exchange filing on Wednesday.
""Adani Infrastructure Private Limited and Mundra Solar Technology Limited st…",2024-10-02
ADANI ENTERPRISES LIMITED,Adani Enterprises merges two subsidiaries with Adani New Industries Limited,"Adani Group's flagship company, Adani Enterprises, announced that the conglomerate has merged two of its subsidiaries with Adani New Industries Limited, according to the company's BSE filing on Wednesday",2024-10-02
ADANI ENTERPRISES LIMITED,Adani Group merges two step-down subsidiaries with Adani New Industries,Adani New Industries Ltd (ANIL) is a subsidiary of Adani Enterprises Ltd that undertakes low-carbon projects.,2024-10-02
ADANI ENTERPRISES LIMITED,Adani Group merges subsidiaries with ANIL,"Adani Enterprises has merged Adani Infrastructure Private Limited and Mundra Solar Technology Limited with Adani New Industries Ltd, aimed at advancing its low-carbon projects. This restructuring involves real estate development, thermal and solar power proje…",2024-10-02
ADANI ENTERPRISES LIMITED,Tech stocks rally as Nifty edges lower in choppy trade,"The benchmark Nifty 50 index closed at 25,796.90, down 13.95 points or 0.05 per cent, while the BSE Sensex settled at 84,266.29, shedding 33.49 points or 0.04 per cent",2024-10-01
ADANI ENTERPRISES LIMITED,"Stock Market Highlights: Sensex, Nifty close flat; Tech Mahindra top gainer on Sensex","Sensex, Nifty, Share Prices: The Indian stock markets closed little changed on Tuesday. Sensex closed at 84,266.29, down by 33.49 points or 0.04 per cent, and Nifty 50 at 25,796.90, slipped by 13.95 points or 0.05 per cent.
Subdued global markets and foreign …",2024-10-01
ADANI ENTERPRISES LIMITED,3 Adani Group Firms Join World Economic Forum Initiative On Decarbonisation,"Three Adani portfolio companies - Adani Enterprises Ltd (AEL), Adani Ports and Special Economic Zone Ltd (APSEZ) and Ambuja Cements Ltd - have joined the World Economic Forum's 'Transitioning Industrial Clusters' initiative.",2024-09-30
ADANI ENTERPRISES LIMITED,India Manufacturing Industry Research Report 2024-2030: India Poised to Become a Global Manufacturing Hub with Industrial Corridors and New Investments,"Dublin, Sept. 30, 2024 (GLOBE NEWSWIRE) -- The ""India Manufacturing Industry: Industry Size, Trends, Opportunities and Forecast by Sector, Ownership, Raw Materials Used, Region, By Leading Companies, By Country: 2020-2030"" report has been added to ResearchAnd…",2024-09-30
ADANI ENTERPRISES LIMITED,"Stocks that will seee action today: September 30, 2024","Stocks that will seee action today: Buzzing Stocks: BSE, Zomato, Reliance Industries, RInfra, Adani Enterprises, Adani Energy, PNB, Apollo Hospitals, Angel One, Future Lifestyle, Lupin, Biocon, Zydus Lifesciences, Dr Reddy’s Lab, BEL, ICICI Prudential, REC, S…",2024-09-30
ADANI ENTERPRISES LIMITED,"Stock Market Highlights September 30, 2024: Sensex closes 1.5% lower amid global uncertainty and profit-taking","Sensex, Nifty, Share Prices: The Indian stock market witnessed a sharp sell-off on Monday, with the BSE Sensex plummeting 1,272.07 points or 1.49 per cent to close at 84,299.78, while the Nifty 50 tumbled 368.10 points or 1.41 per cent to 25,810.85. The decli…",2024-09-30
ADANI ENTERPRISES LIMITED,"Stocks in news: BEL, L&T, PNB, Nuvama Wealth, IDFC, IndusInd Bank",Fabless chip company L&T Semiconductor Technologies expects manufacturing of semiconductor products designed by it to start in the next two years.,2024-09-30
ALKEM LABORATORIES LTD.,"Calcium, Vitamin D3 tablets, 47 others fail CDSCO's quality check: Check if your medication is safe?","The Central Drugs Standard Control Organisation (CDSCO) identified 49 drugs failing quality tests in its September report. Among these are commonly prescribed antibiotics, supplements, and pain relievers. The report also flagged four products, including popul…",2024-10-26
ALKEM LABORATORIES LTD.,Stock market update: Nifty Pharma index falls 0.33% in an upbeat market,The Nifty Pharma index was trading 0.33 per cent  down  at 23504.5.,2024-10-14
ALKEM LABORATORIES LTD.,Healthcare shares fall,"Healthcare stocks were trading in the negative zone, with the BSE Healthcare index falling 568.77 points or 1.27% at 44123.25 at 13:47 IST.",2024-10-10
ALKEM LABORATORIES LTD.,"Share Market Highlights: Sensex, Nifty edge up on Asian market gains and US rate cut hopes","Sensex, Nifty updates on 10 October 2024: The BSE Sensex index rose by 0.1% to 81,545, and the wider NSE index also increased by 0.1% reaching 25,004. This uptick was influenced by positive movements in Asian stock markets and the anticipation of further inte…",2024-10-10
ALKEM LABORATORIES LTD.,"India Antimalarial Drugs Market Research 2024: Competitive Landscape, Key Trends, Forecast & Opportunities, 2020-2030","Dublin, Oct. 09, 2024 (GLOBE NEWSWIRE) -- The ""India Antimalarial Drugs Market, By Region, Competition, Forecast & Opportunities, 2020-2030F"" report has been added to ResearchAndMarkets.com's offering.India Antimalarial Drugs Market was valued at USD 30.15 mi…",2024-10-09
ALKEM LABORATORIES LTD.,"Closing Bell: Sensex falls by 0.21%, Nifty closes at 24,981.95","Sensex, Nifty, Share Prices LIVE: Indian stock markets extended their gains on Wednesday afternoon, buoyed by the Reserve Bank of India’s (RBI) decision to maintain the repo rate at 6.5 per cent and shift to a neutral stance. 
BSE Sensex closed at 81,467.10, …",2024-10-09
ALKEM LABORATORIES LTD.,"Share Market Highlights 9th October 2024: Sensex closes at 81,634.81, Nifty closes at 25,013. Top gainers Tata Motors, Tech Mahindra","Sensex, Nifty, Share Prices Highlights: Indian stock markets extended their gains on Wednesday afternoon, buoyed by the Reserve Bank of India’s (RBI) decision to maintain the repo rate at 6.5% and shift to a neutral stance. 
On Tuesday, the 30-share BSE Sense…",2024-10-09
ALKEM LABORATORIES LTD.,"Anti-Infective Drugs Market Size Will Grow at a CAGR of 4.0% by 2031 | Surging Demand for Antivirals are Boost Market Development - Transparency Market Research, Inc.","Anti-infective drugs are pharmaceutical agents used to prevent, control, and treat infections caused by various pathogens, including bacteria, viruses, fungi, and parasites. These drugs play a critical role in combating infectious diseases, which continue to …",2024-10-08
ALKEM LABORATORIES LTD.,Alkem Laboratories Ltd soars 2.24%,"Alkem Laboratories Ltd is quoting at Rs 6297.35, up 2.24% on the day as on 12:49 IST on the NSE. The stock is up 82.14% in last one year as compared to a 28.65% spurt in NIFTY and a 55.25% spurt in the Nifty Pharma index.",2024-10-04
AMBUJA CEMENTS LTD,"Stocks that will see action today: October 28, 2024","Buzzing Stocks Today, Stocks that will see action today: 28 October 2024 -  ITD Cementation, Adani Enterprises, Piramal Pharma, Soha, Axis Bank, Max Financial, Thermax, L&T, KRN Heat Exchanger, Kings Infra, Godrej Properties, Sprayking,  Bharti Airtel, Sun Ph…",2024-10-28
AMBUJA CEMENTS LTD,Share Market Highlights 28 October 2024: Stock markets rebound with Sensex gaining 602 pts amid buying surge and eased crude prices,"Sensex, Nifty updates on October 28 2024: Stock markets snapped the five-day losing streak on Monday with the benchmark Sensex rebounding 602 points on buying in ICICI Bank, firm global trends and continuous buying by domestic institutional investors.
 The BS…",2024-10-28
AMBUJA CEMENTS LTD,Adani Cement started off with acquisitions. Here comes Part 2.,"Adani which has so far only acquired cement businesses, has prepared a strategy to build new facilities from scratch. As part of its eastern foray, Adani recently announced plans to build a clinker grinding unit in Bihar for  ₹1,600-2,000 crore.",2024-10-27
AMBUJA CEMENTS LTD,"Adani Group’s Renew Exim DMCC to acquire 46.64% stake in ITD Cementation for Rs 3,204 crore","Additionallly, Renew Exim will acquire 26 percent stake in ITD Cementation from public shareholders through an open offer at Rs 571.68 per share, amounting to Rs 2,553 crore if fully subscribed.",2024-10-26
AMBUJA CEMENTS LTD,"Share Market Highlights October 25, 2024: Sensex plunges 663 pts, Nifty settles below 24,200; Indusind Bank sinks 19%","Sensex, Nifty updates on October 25, 2024: Declining for the fifth straight session, equity benchmark Sensex on Friday plunged about 660 points to crash below the 80,000 level due to widespread selling pressure tracking massive foreign capital outflows and mu…",2024-10-25
AMBUJA CEMENTS LTD,"After cement, Adani flexes muscles in another new sector","The Adani Group's aggressive expansion continues as it enters the copper sector, crucial for India's renewable energy plans. Leveraging its infrastructure strengths, the group aims to become a leader in copper production, competing against industry giants lik…",2024-10-24
AMBUJA CEMENTS LTD,Ambuja Cements shares up 0.9% as Nifty gains,"A total of 20,787 shares changed hands on the counter till time (IST).",2024-10-23
AMBUJA CEMENTS LTD,"Share Market Highlights October 23, 2024: Sensex, Nifty end in red; Bajaj Finance gains nearly 5%","Sensex, Nifty updates on October 23, 2024: Indian equity indices ended lower on Wednesday. The Sensex fell 138.74 points to 80,081.98, while the Nifty dropped 36.60 points to 24,435.50. IT stocks gained over 2 per cent, while capital goods, power, and pharma …",2024-10-23
AMBUJA CEMENTS LTD,"Ambuja Cements acquires 46.8% stake in Orient Cement for ₹8,100 cr","Ambuja Cements acquires 46.8% stake in Orient Cement for ₹8,100 crore, aiming to increase market share and capacity.",2024-10-22
AMBUJA CEMENTS LTD,"Ambuja Cements acquires 46.8% stake in Orient Cement for ₹8,100 cr","Ambuja Cements acquires 46.8% stake in Orient Cement for ₹8,100 crore, aiming to increase market share and capacity.",2024-10-22
AMBUJA CEMENTS LTD,"Gautam Adani’s Ambuja expands empire with Rs 8,100 crore Orient Cement acquisition","The deal values Orient Cement’s operational and ready-to-implement capacity at $58 per tonne, significantly lower than the greenfield set-up cost of $110-120 per tonne. The operational capacity valuation is pegged at $113 per tonne.",2024-10-22
AMBUJA CEMENTS LTD,"Share market highlights: Sensex, Nifty drops over 1% amid foreign fund exodus; Hyundai shares fall 4.6%","Sensex, Nifty updates on 22 October 2024: Equity benchmark indices Sensex and Nifty fell over 1% on Tuesday due to a widespread sell-off driven by massive foreign fund outflows and sluggish global markets. The BSE Sensex dropped 930.55 points, or 1.15%, to cl…",2024-10-22
AMBUJA CEMENTS LTD,Dalmia Bharat stock downgraded by JPMorgan over margin risks,Dalmia Bharat stock downgraded by JPMorgan over margin risks,2024-10-21
AMBUJA CEMENTS LTD,"Ambuja Cements stock fairly valued, but faces risks from growth delays, says JPMorgan","Ambuja Cements stock fairly valued, but faces risks from growth delays, says JPMorgan",2024-10-21
AMBUJA CEMENTS LTD,"Stock Market Highlights: Sensex, Nifty settle lower on FII selling; Bajaj Auto plummets 13%; Hyundai IPO sails through","Sensex, Nifty, Share Prices LIVE: Indian equity benchmarks witnessed a sharp sell-off on Thursday, with the Sensex plunging nearly 500 points and Nifty falling below the 24,750 mark, primarily dragged down by auto stocks, following Bajaj Auto’s weak festival …",2024-10-17
AMBUJA CEMENTS LTD,Volumes jump at Aditya Birla Sun Life AMC Ltd counter,"Aditya Birla Sun Life AMC Ltd witnessed volume of 68.07 lakh shares by 14:14 IST on NSE, a 23.71 times surge over two-week average daily volume of 2.87 lakh shares",2024-10-16
AMBUJA CEMENTS LTD,"Stock market highlights: Sensex, Nifty rally to close firm; Sensex settles nearly 600 points higher at 81,973","Sensex, Nifty, Share Prices: The Indian stock markets closed higher on Monday, buoyed by strong performances in the IT and banking sectors. The benchmark BSE Sensex surged 591.69 points or 0.73 per cent to close at 81,973.05, while the broader NSE Nifty 50 in…",2024-10-14
AMBUJA CEMENTS LTD,Ratan Tata's transformational journey in Indian industry and global reach,"His father, Naval Tata had been adopted by Ratanji Tata, the son of Jamsetji Tata, founder of the Tata Group",2024-10-10
AMBUJA CEMENTS LTD,Major cement firms compete to acquire HeidelbergCement India's stake,"The German building materials company Heidelberg Materials AG holds a 69.39 per cent stake in its Indian subsidiary, which, at current market rates, is valued at approximately Rs 3,437 crore",2024-10-08
AMBUJA CEMENTS LTD,"Two years since Adani bought Ambuja and ACC, is a merger on cards?",The merger may create a Rs2 trillion cement behemoth and smoothen Adani Group's processes to help it grow faster to compete against Aditya Birla Group's UltraTech Cement Ltd. as the group aspires to achieve the top spot in the cement industry,2024-10-08
AMBUJA CEMENTS LTD,Heidelberg Cement India stock hits 52-week high amid Adani Group buyout talks,"HeidelbergCement shares jumped 18% to a new 52-week high of Rs 257.85 on the BSE following reports that the Adani Group is in talks to acquire its Indian cement operations. The buyout, led by Ambuja Cements, is estimated to be valued at around $1.2 billion (R…",2024-10-07
AMBUJA CEMENTS LTD,"Share Market Highlights: Sensex drops 638 points; Nifty ends below 24,800 as most sectors slide","Sensex, Nifty updates on 07 October 2024: Equity benchmark indices, Sensex and Nifty, extended their losing streak to a sixth consecutive session on Monday, weighed down by heavy selling in bellwether stocks like HDFC Bank and Reliance Industries. This declin…",2024-10-07
AMBUJA CEMENTS LTD,Adani Takeover of MCC School: Will Catholic-Run Healthcare Institutions be Next?,"Verghese V Joseph – The recent takeover of Mount Carmel Convent School in Ghugus, Chandrapur district in Maharashtra, by the Adani Foundation has sparked a
The post Adani Takeover of MCC School: Will Catholic-Run Healthcare Institutions be Next? appeared firs…",2024-10-06
AMBUJA CEMENTS LTD,"Stock market highlights: Sensex, Nifty tank 2% as geopolitical tensions hit markets","Sensex, Nifty, Share Prices : The Indian stock markets witnessed a sharp decline on Thursday, October 3, 2024, as global uncertainties and heightened volatility led to a significant sell-off. The BSE Sensex plummeted 1,769.19 points or 2.10 per cent to close …",2024-10-03
AMBUJA CEMENTS LTD,"Cement Market Global Forecast 2024-2030, Featuring Cemex, Ambuja Cements, Cimpor, CRH, Holcim, Taiheiyo Cement and Tokuyama","Dublin, Oct. 02, 2024 (GLOBE NEWSWIRE) -- The ""Cement Market by Product (Colored Portland Cement, Hydrophobic Cement, Low Heat Portland Cement), Application (Commercial Construction, Industrial Construction, Infrastructure Construction), End User, Distributio…",2024-10-02
AMBUJA CEMENTS LTD,3 Adani firms join WEF initiative to play role in global decarbonisation,"Three Adani group firms -- Adani New Industries Ltd, Adani Ports and Special Economic Zone Ltd (APSEZ) and Ambuja Cements Ltd -- have joined the World Economic Forum's 'Transitioning Industrial Clusters' initiative, forming the Adani Mundra Cluster.
This init…",2024-09-30
AMBUJA CEMENTS LTD,3 Adani Group Firms Join World Economic Forum Initiative On Decarbonisation,"Three Adani portfolio companies - Adani Enterprises Ltd (AEL), Adani Ports and Special Economic Zone Ltd (APSEZ) and Ambuja Cements Ltd - have joined the World Economic Forum's 'Transitioning Industrial Clusters' initiative.",2024-09-30
AMBUJA CEMENTS LTD,Three Adani portfolio companies join WEF's ‘Transitioning Industrial Clusters’ initiative,"Three Adani companies have joined the World Economic Forum’s ‘Transitioning Industrial Clusters’ initiative to form the Adani Mundra Cluster. The initiative aims to drive economic growth, create jobs, and achieve decarbonisation by 2050. Mundra will become a …",2024-09-30
APOLLO HOSPITALS ENTER. L,"Stock Market Highlights: Sensex, Nifty settle lower on FII selling; Bajaj Auto plummets 13%; Hyundai IPO sails through","Sensex, Nifty, Share Prices LIVE: Indian equity benchmarks witnessed a sharp sell-off on Thursday, with the Sensex plunging nearly 500 points and Nifty falling below the 24,750 mark, primarily dragged down by auto stocks, following Bajaj Auto’s weak festival …",2024-10-17
APOLLO HOSPITALS ENTER. L,"Share Market Highlights: Sensex, Nifty edge up on Asian market gains and US rate cut hopes","Sensex, Nifty updates on 10 October 2024: The BSE Sensex index rose by 0.1% to 81,545, and the wider NSE index also increased by 0.1% reaching 25,004. This uptick was influenced by positive movements in Asian stock markets and the anticipation of further inte…",2024-10-10
APOLLO HOSPITALS ENTER. L,"Stock market highlights: Sensex, Nifty tank 2% as geopolitical tensions hit markets","Sensex, Nifty, Share Prices : The Indian stock markets witnessed a sharp decline on Thursday, October 3, 2024, as global uncertainties and heightened volatility led to a significant sell-off. The BSE Sensex plummeted 1,769.19 points or 2.10 per cent to close …",2024-10-03
APOLLO TYRES LTD,"SemiCab Wins Contract with Apollo Tyres, $3 Billion Global Tire Manufacturer, for New Indian Commercial Pilot","Apollo Tyres, Ltd Awards SemiCab Scalable Pilot Contract for Transportation Services in India   Fort Lauderdale, FL, Oct.  17, 2024  (GLOBE NEWSWIRE)...",2024-10-17
APOLLO TYRES LTD,Auto shares slide,"Auto  stocks were trading with losses, with the BSE Auto index falling 762.63 points or 1.28% at 58642.31 at 13:47 IST.",2024-10-16
APOLLO TYRES LTD,"National Water Awards: Odisha wins top spot for water conservation efforts, UP bags 2nd prize","Odisha has been recognised as the top winner in the 5th National Water Awards 2023, followed by Uttar Pradesh. Notable achievements include impressive water conservation, rainwater harvesting, and wastewater treatment initiatives across various states, with t…",2024-10-14
APOLLO TYRES LTD,Gary Neville To Visit India To Support Grassroots Football Programme,Former Manchester United superstar Gary Neville will be present in India to support the grassroots football programme and motivate the young kids playing football in the country.,2024-10-11
APOLLO TYRES LTD,"India $29 Bn Tyre Industry Research to 2030: Robust Growth Across Passenger Cars, Commercial Vehicles, and Two-Wheelers","Dublin, Oct. 10, 2024 (GLOBE NEWSWIRE) -- The ""India Tyre Market, By Region, Competition, Forecast and Opportunities 2020-2030F"" report has been added to ResearchAndMarkets.com's offering.The India Tyre Market was valued at USD 12.84 billion in 2024, and is e…",2024-10-10
APOLLO TYRES LTD,"South East Asia $19.45 Bn Tire Market Trends, Competitive Landscape, Forecasts and Opportunities, 2029F: Digitalization and Online Tire Sales and Growing Demand for All-Season Tires Influencing Growth","Dublin, Oct. 09, 2024 (GLOBE NEWSWIRE) -- The ""South East Asia Tire Market, By Country, Competition, Forecast and Opportunities, 2019-2029F"" report has been added to ResearchAndMarkets.com's offering.The South East Asia Tire Market was valued at USD 13.45 bil…",2024-10-09
APOLLO TYRES LTD,"Share Market Highlights: Sensex drops 638 points; Nifty ends below 24,800 as most sectors slide","Sensex, Nifty updates on 07 October 2024: Equity benchmark indices, Sensex and Nifty, extended their losing streak to a sixth consecutive session on Monday, weighed down by heavy selling in bellwether stocks like HDFC Bank and Reliance Industries. This declin…",2024-10-07
APOLLO TYRES LTD,Auto stocks edge lower,"Auto  stocks were trading in red, with the BSE Auto index decreasing  888.82 points or 1.5% at 58544.5 at 13:47 IST.",2024-10-04
APOLLO TYRES LTD,Auto stocks slide,"Auto  stocks were trading with losses, with the BSE Auto index decreasing  1698.06 points or 2.77% at 59537.28 at 13:47 IST.",2024-10-03
APOLLO TYRES LTD,Auto stocks slide,"Auto  stocks were trading with losses, with the BSE Auto index decreasing  997.18 points or 1.6% at 61240.2 at 13:47 IST.",2024-09-30
ASHOK LEYLAND LTD,"Share Market Highlights October 24, 2024: Sensex, Nifty end flat with negative bias; Nifty FMCG dips nearly 3%","Sensex, Nifty updates on October 24, 2024: Stock markets closed marginally lower on Thursday, taking their downtrend to the fourth day running as unabated foreign fund outflows and disappointing earnings from Hindustan Unilever dented investor sentiment. In a…",2024-10-24
ASHOK LEYLAND LTD,"Tamil Nadu mega job fair on Oct 19: From Ashok Leyland, Delta Electronics to TVS – list of participating companies",The Tamil Nadu job fair in Krishnanagri on October 19 will feature 40 employers. Registration runs until 7:00 am on the event day on the NCS portal.,2024-10-18
ASHOK LEYLAND LTD,Ashok Leyland shares fall 0.21% as Nifty gains,"A total of 115,502 shares changed hands on the counter till time (IST).",2024-10-14
ASHOK LEYLAND LTD,"Share Market Highlights: Markets bounce back: Sensex closes at 81,634, Nifty crosses 25,000","Sensex, Nifty updates on 08 October 2024:: Equity benchmark indices Sensex and Nifty rebounded on Tuesday after a six-day losing streak, driven by gains in heavyweights like HDFC Bank, Reliance Industries, and Mahindra & Mahindra. The BSE Sensex surged 584.81…",2024-10-08
ASHOK LEYLAND LTD,"Specialty Vehicle Market Research 2024: Fire, Garbage, Vacuum, Fuel Carrying Tankers, Street Sweepers, Ambulance & Recreational Vehicles - Global Forecast to 2030","Dublin, Oct. 07, 2024 (GLOBE NEWSWIRE) -- The ""Specialty Vehicle Market by Type (Fire, Garbage, Vacuum, Fuel Carrying Tankers, Street Sweepers, Ambulance & Recreational Vehicles), Application, Propulsion (ICE & EV), Battery Chemistry, End-Use Industry and Reg…",2024-10-07
ASHOK LEYLAND LTD,"Q2 results 2024 preview: Two-wheelers, tractors to drive auto sector earnings growth. Check top 5 auto stocks to buy","Q2 results 2024 preview: Auto sector revenue and EBITDA are expected to grow by approximately 2% and 4% YoY during the quarter, respectively, while Profit After Tax (PAT) is likely to remain flat.",2024-10-07
ASHOK LEYLAND LTD,"Share Market Highlights: Sensex drops 638 points; Nifty ends below 24,800 as most sectors slide","Sensex, Nifty updates on 07 October 2024: Equity benchmark indices, Sensex and Nifty, extended their losing streak to a sixth consecutive session on Monday, weighed down by heavy selling in bellwether stocks like HDFC Bank and Reliance Industries. This declin…",2024-10-07
ASHOK LEYLAND LTD,Auto stocks edge lower,"Auto  stocks were trading in red, with the BSE Auto index decreasing  888.82 points or 1.5% at 58544.5 at 13:47 IST.",2024-10-04
ASHOK LEYLAND LTD,Auto stocks slide,"Auto  stocks were trading with losses, with the BSE Auto index decreasing  1698.06 points or 2.77% at 59537.28 at 13:47 IST.",2024-10-03
ASHOK LEYLAND LTD,"Stock Market Highlights: Sensex, Nifty close flat; Tech Mahindra top gainer on Sensex","Sensex, Nifty, Share Prices: The Indian stock markets closed little changed on Tuesday. Sensex closed at 84,266.29, down by 33.49 points or 0.04 per cent, and Nifty 50 at 25,796.90, slipped by 13.95 points or 0.05 per cent.
Subdued global markets and foreign …",2024-10-01
ASHOK LEYLAND LTD,"Stock Market Highlights September 30, 2024: Sensex closes 1.5% lower amid global uncertainty and profit-taking","Sensex, Nifty, Share Prices: The Indian stock market witnessed a sharp sell-off on Monday, with the BSE Sensex plummeting 1,272.07 points or 1.49 per cent to close at 84,299.78, while the Nifty 50 tumbled 368.10 points or 1.41 per cent to 25,810.85. The decli…",2024-09-30
ASIAN PAINTS LIMITED,"ITC lifts Sensex 100 points higher, Nifty tops 24,400","Indian indices Sensex and Nifty50 opened slightly higher after a four-day decline, with IndusInd Bank limiting gains by opening 10% lower.",2024-10-25
ASIAN PAINTS LIMITED,"Share Market Highlights October 25, 2024: Sensex plunges 663 pts, Nifty settles below 24,200; Indusind Bank sinks 19%","Sensex, Nifty updates on October 25, 2024: Declining for the fifth straight session, equity benchmark Sensex on Friday plunged about 660 points to crash below the 80,000 level due to widespread selling pressure tracking massive foreign capital outflows and mu…",2024-10-25
ASIAN PAINTS LIMITED,Nanlite PavoSlim 240CL Review,"Nanlite’s PavoSlim panel lights are a hybrid mix of a flexible panel light and a traditional panel light. They utilize a lightweight hard backing material that is very thin, but robust. The latest addition to the series is the PavoSlim 240CL. The 240CL is a s…",2024-10-25
ASIAN PAINTS LIMITED,"Share Market Highlights October 24, 2024: Sensex, Nifty end flat with negative bias; Nifty FMCG dips nearly 3%","Sensex, Nifty updates on October 24, 2024: Stock markets closed marginally lower on Thursday, taking their downtrend to the fourth day running as unabated foreign fund outflows and disappointing earnings from Hindustan Unilever dented investor sentiment. In a…",2024-10-24
ASIAN PAINTS LIMITED,"Share Market Highlights October 23, 2024: Sensex, Nifty end in red; Bajaj Finance gains nearly 5%","Sensex, Nifty updates on October 23, 2024: Indian equity indices ended lower on Wednesday. The Sensex fell 138.74 points to 80,081.98, while the Nifty dropped 36.60 points to 24,435.50. IT stocks gained over 2 per cent, while capital goods, power, and pharma …",2024-10-23
ASIAN PAINTS LIMITED,The Mind-Body Split in Kibong Rhee’s Paintings,"Rhee's paintings change from pictorial presentations of a lush, dreamy world to a tangled web of different viscosities when we approach the surface.",2024-10-22
ASIAN PAINTS LIMITED,Global Oleochemicals Market to Reach Valuation of US$ 67.64 Billion by 2032 | Astute Analytica,"Oleochemicals market is experiencing significant demand growth across pharmaceuticals, agriculture, and electronics, driven by technological advancements and sustainability needs. However, challenges like production capacity limitations and supply chain vulne…",2024-10-22
ASIAN PAINTS LIMITED,Portugal’s Immigration Overhaul Hits South Asian Workers Hard,"The possibility of a life-changing ""raspberry passport"" through agricultural work is fading for many South Asian workers, forcing already vulnerable people into even more precarious and often exploitative situations.",2024-10-22
ASIAN PAINTS LIMITED,"Share market highlights: Sensex, Nifty drops over 1% amid foreign fund exodus; Hyundai shares fall 4.6%","Sensex, Nifty updates on 22 October 2024: Equity benchmark indices Sensex and Nifty fell over 1% on Tuesday due to a widespread sell-off driven by massive foreign fund outflows and sluggish global markets. The BSE Sensex dropped 930.55 points, or 1.15%, to cl…",2024-10-22
ASIAN PAINTS LIMITED,"Share Market Highlights October 21, 2024: Sensex closes at 81,151; Nifty falls 73 points amid record FII outflows","Sensex, Nifty updates on October 21, 2024: Equity benchmark indices Sensex and Nifty gave up initial gains and ended lower on Monday tracking a sharp fall in Kotak Mahindra Bank and relentless foreign fund outflows. The 30-share Sensex declined 73.48 points o…",2024-10-21
ASIAN PAINTS LIMITED,"Stock market highlights: Sensex, Nifty close firmer, lifted by banking, metal stocks","Sensex, Nifty, Share Prices: The Indian benchmark indices ended higher on Friday, breaking a three-day losing streak, as strong buying in banking and financial stocks offset losses in the IT sector. The BSE Sensex closed 218.14 points or 0.27 per cent higher …",2024-10-18
ASIAN PAINTS LIMITED,Q3 2024 Production Report,Kenmare Resources plc(“Kenmare” or “the Company” or “the Group”)      17 October 2024      Q3 2024 Production Report      Kenmare Resources plc...,2024-10-17
ASIAN PAINTS LIMITED,"Stock Market Highlights: Sensex, Nifty settle lower on FII selling; Bajaj Auto plummets 13%; Hyundai IPO sails through","Sensex, Nifty, Share Prices LIVE: Indian equity benchmarks witnessed a sharp sell-off on Thursday, with the Sensex plunging nearly 500 points and Nifty falling below the 24,750 mark, primarily dragged down by auto stocks, following Bajaj Auto’s weak festival …",2024-10-17
ASIAN PAINTS LIMITED,"Share Market Highlights October 16, 2024: Stock markets close lower for second day amid foreign fund outflows","Sensex, Nifty updates on October 16, 2024: Benchmark Sensex declined by 318 points on Wednesday due to selling in IT and auto shares amid unabated foreign fund outflows and weak trends in global markets.
Falling for the second day, the BSE Sensex declined by …",2024-10-16
ASIAN PAINTS LIMITED,"Stock Market Highlights: Sensex, Nifty settle marginally lower; Sensex closes 152 points down at 81,820","Sensex, Nifty, Share Prices: Indian stock markets ended lower on Tuesday, October 15, 2024, as concerns over global economic uncertainty and the ongoing West Asia conflict weighed on investor sentiment. The benchmark Sensex closed at 81,820.12, down 152.93 po…",2024-10-15
ASIAN PAINTS LIMITED,[Removed],[Removed],2024-10-11
ASIAN PAINTS LIMITED,The life-changing magic of Japanese clutter,"Article URL: https://aeon.co/essays/the-life-changing-magic-of-japanese-clutter
Comments URL: https://news.ycombinator.com/item?id=41811309
Points: 5
# Comments: 0",2024-10-11
ASIAN PAINTS LIMITED,김건희 게이트(2024 Election) 191,"✍️ ""Today, Israel has nuclear weapons, and Iran does not. This is the moment for the West to act boldly, not dither,"" writes @HamishDBG.Read more here ⤵️https://t.co/IBdrvvkn1u pic.twitter.com/scICkqcbuK— The Telegraph (@Telegraph) October 4, 2024 ""Harris is …",2024-10-11
ASIAN PAINTS LIMITED,"Share Market Highlights: Sensex falls 230 points, Nifty slips amid foreign outflows and geopolitical tensions","Sensex, Nifty updates on 11 October 2024: The Sensex fell 230.05 points, or 0.28%, closing at 81,381.36, while the Nifty 50 ended down 34.20 points, or 0.14%, at 24,964.25. The market was weighed down by foreign outflows, concerns over moderating earnings, ge…",2024-10-11
ASIAN PAINTS LIMITED,"Share Market Highlights: Sensex, Nifty edge up on Asian market gains and US rate cut hopes","Sensex, Nifty updates on 10 October 2024: The BSE Sensex index rose by 0.1% to 81,545, and the wider NSE index also increased by 0.1% reaching 25,004. This uptick was influenced by positive movements in Asian stock markets and the anticipation of further inte…",2024-10-10
ASIAN PAINTS LIMITED,"EV Battery Swapping Market Poised to Reach Skyrocketing Valuation of US$ 1,368.32 Million By 2032 | Astute Analytica","Electric vehicle battery swapping market offers significant growth potential, driven by technological advancements, strategic partnerships, and supportive government policies, promising enhanced convenience and efficiency for electric vehicle users globally. …",2024-10-09
ASIAN PAINTS LIMITED,"Closing Bell: Sensex falls by 0.21%, Nifty closes at 24,981.95","Sensex, Nifty, Share Prices LIVE: Indian stock markets extended their gains on Wednesday afternoon, buoyed by the Reserve Bank of India’s (RBI) decision to maintain the repo rate at 6.5 per cent and shift to a neutral stance. 
BSE Sensex closed at 81,467.10, …",2024-10-09
ASIAN PAINTS LIMITED,"Share Market Highlights 9th October 2024: Sensex closes at 81,634.81, Nifty closes at 25,013. Top gainers Tata Motors, Tech Mahindra","Sensex, Nifty, Share Prices Highlights: Indian stock markets extended their gains on Wednesday afternoon, buoyed by the Reserve Bank of India’s (RBI) decision to maintain the repo rate at 6.5% and shift to a neutral stance. 
On Tuesday, the 30-share BSE Sense…",2024-10-09
ASIAN PAINTS LIMITED,The Mystical Significance of Lotus Flowers,"The lotus flower emerges from gloomy waters, its petals untouched by the mud below. This stunning transformation has intrigued people for centuries, making the lotus flower a subject of wonder and reverence. The lotus is special in our hearts and minds, from …",2024-10-08
ASIAN PAINTS LIMITED,"Share Market Highlights: Markets bounce back: Sensex closes at 81,634, Nifty crosses 25,000","Sensex, Nifty updates on 08 October 2024:: Equity benchmark indices Sensex and Nifty rebounded on Tuesday after a six-day losing streak, driven by gains in heavyweights like HDFC Bank, Reliance Industries, and Mahindra & Mahindra. The BSE Sensex surged 584.81…",2024-10-08
ASIAN PAINTS LIMITED,Residence 91 / Charged Voids,"Patterned brick walls create an inward-looking oasis for a multigenerational family at this Chandigarh residence. Located in Chandigarh, on a site facing a busy sector road on one side and an arterial road on another, Residence 91 by Charged Voids houses a ni…",2024-10-08
ASIAN PAINTS LIMITED,"Wood Coatings Market Size Projected to Surge to USD 30.1 Billion by 2034, Growing at an 8.5% CAGR: Transparency Market Research","With the rise of technologies and remodeling and renovation activities, wood coating demand is expected to rise significantly. With the rise of technologies and remodeling and renovation activities, wood coating demand is expected to rise significantly.",2024-10-07
ASIAN PAINTS LIMITED,A Growth Mindset Scale for Young Children (GM-C): Development and validation among children from the United States and South Africa,"Beliefs about the malleability of intellectual ability—mindsets—shape achievement. Recent evidence suggests that even young children hold such mindsets; yet, no reliable and valid instruments exist for measuring individual differences in young children’s mind…",2024-10-07
ASIAN PAINTS LIMITED,Aputure STORM 1200x Review,Aputure recently announced its new STORM 1200x. It is being billed as a workhorse light for any production. What is interesting is that the STORM 1200x utilizes a brand new light engine which Aputure is calling BLAIR. BLAIR stands for Blue/Lime/Amber/Indigo/R…,2024-10-07
ASIAN PAINTS LIMITED,Stock Market highlights: Sensex tanks 808 points amid sell-off as geopolitical tensions rise,"Sensex, Nifty, Share Prices: In a volatile trading session, Indian equity markets witnessed a sharp decline on Friday, with the benchmark indices closing significantly lower. The BSE Sensex plummeted 808.65 points or 0.98 per cent to end at 81,688.45, while t…",2024-10-04
ASIAN PAINTS LIMITED,The Biggest Book-to-Screen Adaptations of 2024,"With the advent of streaming services like Netflix, Hulu, Amazon Prime, and Apple TV+ we’re currently experiencing a kind of Golden Age for book-to-screen adaptations. Television and film have long looked to the book world for source material, but in recent y…",2024-10-03
ASIAN PAINTS LIMITED,Iran-Israel war: 14 Indian-listed companies with an Israeli connection,"As tensions in the Middle East escalated with Iran firing more than 180 missiles into Israel, the repercussions were felt on Dalal Street, with the Sensex dropping over 1,300 points. Investors expressed concerns about the potential impact of the conflict on c…",2024-10-03
ASIAN PAINTS LIMITED,"Stock market highlights: Sensex, Nifty tank 2% as geopolitical tensions hit markets","Sensex, Nifty, Share Prices : The Indian stock markets witnessed a sharp decline on Thursday, October 3, 2024, as global uncertainties and heightened volatility led to a significant sell-off. The BSE Sensex plummeted 1,769.19 points or 2.10 per cent to close …",2024-10-03
ASIAN PAINTS LIMITED,Peak XV downsizes fund; Paytm’s employee costs go up,"Happy Wednesday! Peak XV Partners, formerly Sequoia Capital India, is cutting down the size of its 2022 fund by 16%. This and more in today’s ETtech Morning Dispatch.",2024-10-02
ASIAN PAINTS LIMITED,Peak XV downsizes its $2.85 billion fund by 16% a year after Sequoia US-India split,"Venture capital firm Peak XV Partners, formerly Sequoia Capital India, has pared the size of its $2.85 billion fund by 16% more than a year after it split from Silicon Valley-based investor Sequoia Capital. Peak XV’s eighth India and Southeast Asia-dedicated …",2024-10-02
ASIAN PAINTS LIMITED,Tech stocks rally as Nifty edges lower in choppy trade,"The benchmark Nifty 50 index closed at 25,796.90, down 13.95 points or 0.05 per cent, while the BSE Sensex settled at 84,266.29, shedding 33.49 points or 0.04 per cent",2024-10-01
ASIAN PAINTS LIMITED,Self-contained Breathing Apparatus Market is Expected to Reach US$ 2.28 Billion at a CAGR of 6% by 2034 | Fact.MR Report,SCBA Becoming Very Helpful to Company Workers as it Helps in Industrial Cleaning and Maintenance SCBA Becoming Very Helpful to Company Workers as it Helps in Industrial Cleaning and Maintenance,2024-10-01
ASIAN PAINTS LIMITED,"Stock Market Highlights: Sensex, Nifty close flat; Tech Mahindra top gainer on Sensex","Sensex, Nifty, Share Prices: The Indian stock markets closed little changed on Tuesday. Sensex closed at 84,266.29, down by 33.49 points or 0.04 per cent, and Nifty 50 at 25,796.90, slipped by 13.95 points or 0.05 per cent.
Subdued global markets and foreign …",2024-10-01
ASIAN PAINTS LIMITED,Interarch Building Products acquires land in Gujarat to set up new manufacturing unit,"Interarch has successfully executed several large projects in Gujarat for customers like Asian Paints, Timken, Micron (through Tata Projects Limited), Asahi Glass, MG Motors, and many more.",2024-09-30
ASIAN PAINTS LIMITED,"Stock Market Highlights September 30, 2024: Sensex closes 1.5% lower amid global uncertainty and profit-taking","Sensex, Nifty, Share Prices: The Indian stock market witnessed a sharp sell-off on Monday, with the BSE Sensex plummeting 1,272.07 points or 1.49 per cent to close at 84,299.78, while the Nifty 50 tumbled 368.10 points or 1.41 per cent to 25,810.85. The decli…",2024-09-30
